Model,CV R2 (mean),CV R2 (std),Test R2,Test RMSE,Test MAE,Best Params
Linear Regression + Feature Engineering,0.8519828586731171,0.02235337323386181,0.8987293270708031,4014.373969569777,2284.2769390194367,{}
Gradient Boosting,0.8469212397141076,0.025542073701652596,0.8999150383718298,3990.803950697416,2370.5705282182853,"{""learning_rate"": 0.05, ""max_depth"": 3, ""n_estimators"": 100}"
Random Forest,0.8463500712325509,0.02591941105920907,0.8992617729861858,4003.806972008763,2378.77595116543,"{""max_depth"": 4, ""min_samples_leaf"": 3, ""n_estimators"": 100}"
Decision Tree,0.8364437476102845,0.024893213384677083,0.8867090220507623,4245.937947320823,2566.353511720679,"{""max_depth"": 4, ""min_samples_leaf"": 2, ""min_samples_split"": 2}"
SVR,0.8254605046811395,0.034326230993247615,0.8860203653653006,4258.823190144122,1821.9138829676854,"{""model__C"": 50000, ""model__gamma"": 0.1, ""model__kernel"": ""rbf""}"
KNN,0.8164331303405099,0.03388694781257791,0.883773211987369,4300.60046938467,2683.1420737106514,"{""model__n_neighbors"": 11}"
Lasso Regression,0.7310834095043719,0.0210753860595958,0.7978104732283733,5672.249269654621,3941.5892385463126,{}
Linear Regression,0.7310832273805473,0.021083910265192223,0.7978274606303823,5672.010981341249,3941.069397763101,{}
Ridge Regression,0.7310814216199452,0.02077469699755717,0.7974977736880657,5676.633830287512,3953.455602975822,{}
